{
    "name": "root",
    "gauges": {
        "MyBehavior.Policy.Entropy.mean": {
            "value": 0.047708723694086075,
            "min": 0.04670264199376106,
            "max": 0.6382316946983337,
            "count": 10
        },
        "MyBehavior.Policy.ExtrinsicValueEstimate.mean": {
            "value": -2.042607545852661,
            "min": -2.1450252532958984,
            "max": -0.16138856112957,
            "count": 10
        },
        "MyBehavior.Environment.EpisodeLength.mean": {
            "value": 173.40625,
            "min": 173.40625,
            "max": 231.2227488151659,
            "count": 10
        },
        "MyBehavior.Environment.CumulativeReward.mean": {
            "value": -5.06006951433503,
            "min": -14.800000270325425,
            "max": -4.974552037628321,
            "count": 10
        },
        "MyBehavior.Policy.ExtrinsicReward.mean": {
            "value": -5.06006951433503,
            "min": -14.800000270325425,
            "max": -4.974552037628321,
            "count": 10
        },
        "MyBehavior.Losses.ValueLoss.mean": {
            "value": 0.2139519900083542,
            "min": 0.20720705389976501,
            "max": 0.9825829863548279,
            "count": 10
        },
        "MyBehavior.Losses.PolicyLoss.mean": {
            "value": 0.02298673614859581,
            "min": 0.02179800719022751,
            "max": 0.026693280786275864,
            "count": 10
        },
        "MyBehavior.Policy.LearningRate.mean": {
            "value": 1.611561674508266e-05,
            "min": 1.611561674508266e-05,
            "max": 0.00028455842402763665,
            "count": 10
        },
        "MyBehavior.Policy.Epsilon.mean": {
            "value": 0.10537184774875641,
            "min": 0.10537184774875641,
            "max": 0.1948527991771698,
            "count": 10
        },
        "MyBehavior.Policy.Beta.mean": {
            "value": 0.00027805479476228356,
            "min": 0.00027805479476228356,
            "max": 0.004743154626339674,
            "count": 10
        },
        "MyBehavior.IsTraining.mean": {
            "value": 1.0,
            "min": 1.0,
            "max": 1.0,
            "count": 10
        }
    },
    "metadata": {
        "timer_format_version": "0.1.0",
        "start_time_seconds": "1606141256",
        "python_version": "3.8.3 (default, Jul  2 2020, 17:30:36) [MSC v.1916 64 bit (AMD64)]",
        "command_line_arguments": "C:\\tools\\Anaconda3\\Scripts\\mlagents-learn Jumper.yml --run-id Jumper-01",
        "mlagents_version": "0.21.0",
        "mlagents_envs_version": "0.21.0",
        "communication_protocol_version": "1.2.0",
        "tensorflow_version": "2.3.1",
        "numpy_version": "1.18.5",
        "end_time_seconds": "1606142086"
    },
    "total": 829.6903688,
    "count": 1,
    "self": 0.2613264999999956,
    "children": {
        "run_training.setup": {
            "total": 0.006530399999999936,
            "count": 1,
            "self": 0.006530399999999936
        },
        "TrainerController.start_learning": {
            "total": 829.4225119,
            "count": 1,
            "self": 0.6875672999927929,
            "children": {
                "TrainerController._reset_env": {
                    "total": 7.723173399999999,
                    "count": 1,
                    "self": 7.723173399999999
                },
                "TrainerController.advance": {
                    "total": 819.2255833000072,
                    "count": 26430,
                    "self": 0.30700860000717967,
                    "children": {
                        "env_step": {
                            "total": 818.9185747,
                            "count": 26430,
                            "self": 772.7879660999924,
                            "children": {
                                "SubprocessEnvManager._take_step": {
                                    "total": 45.783249200003446,
                                    "count": 26430,
                                    "self": 0.8228828000050896,
                                    "children": {
                                        "TFPolicy.evaluate": {
                                            "total": 44.96036639999836,
                                            "count": 25052,
                                            "self": 44.96036639999836
                                        }
                                    }
                                },
                                "workers": {
                                    "total": 0.34735940000416043,
                                    "count": 26430,
                                    "self": 0.0,
                                    "children": {
                                        "worker_root": {
                                            "total": 820.8116981999871,
                                            "count": 26430,
                                            "is_parallel": true,
                                            "self": 98.6130580999818,
                                            "children": {
                                                "steps_from_proto": {
                                                    "total": 0.000928299999999993,
                                                    "count": 1,
                                                    "is_parallel": true,
                                                    "self": 0.00023609999999951725,
                                                    "children": {
                                                        "_process_vector_observation": {
                                                            "total": 0.0006922000000004758,
                                                            "count": 6,
                                                            "is_parallel": true,
                                                            "self": 0.0006922000000004758
                                                        }
                                                    }
                                                },
                                                "UnityEnvironment.step": {
                                                    "total": 722.1977118000052,
                                                    "count": 26430,
                                                    "is_parallel": true,
                                                    "self": 2.692309800011685,
                                                    "children": {
                                                        "UnityEnvironment._generate_step_input": {
                                                            "total": 13.966541699994893,
                                                            "count": 26430,
                                                            "is_parallel": true,
                                                            "self": 13.966541699994893
                                                        },
                                                        "communicator.exchange": {
                                                            "total": 685.4630259999959,
                                                            "count": 26430,
                                                            "is_parallel": true,
                                                            "self": 685.4630259999959
                                                        },
                                                        "steps_from_proto": {
                                                            "total": 20.075834300002747,
                                                            "count": 26430,
                                                            "is_parallel": true,