{
    "name": "root",
    "gauges": {
        "MyBehavior.Policy.Entropy.mean": {
            "value": 0.2743220925331116,
            "min": 0.2743220925331116,
            "max": 0.6892139911651611,
            "count": 6
        },
        "MyBehavior.Policy.ExtrinsicValueEstimate.mean": {
            "value": -2.0390262603759766,
            "min": -2.0390262603759766,
            "max": -1.180307149887085,
            "count": 6
        },
        "MyBehavior.Environment.EpisodeLength.mean": {
            "value": 218.36244541484717,
            "min": 218.36244541484717,
            "max": 280.31111111111113,
            "count": 6
        },
        "MyBehavior.Environment.CumulativeReward.mean": {
            "value": -6.066375737367238,
            "min": -7.511504577456322,
            "max": -6.066375737367238,
            "count": 6
        },
        "MyBehavior.Policy.ExtrinsicReward.mean": {
            "value": -6.066375737367238,
            "min": -7.511504577456322,
            "max": -6.066375737367238,
            "count": 6
        },
        "MyBehavior.Losses.ValueLoss.mean": {
            "value": 0.21133609116077423,
            "min": 0.19646309316158295,
            "max": 0.21133609116077423,
            "count": 6
        },
        "MyBehavior.Losses.PolicyLoss.mean": {
            "value": 0.021770279854536057,
            "min": 0.021770279854536057,
            "max": 0.026340588927268982,
            "count": 6
        },
        "MyBehavior.Policy.LearningRate.mean": {
            "value": 0.00010510855645406991,
            "min": 0.00010510855645406991,
            "max": 0.00024686139659024775,
            "count": 6
        },
        "MyBehavior.Policy.Epsilon.mean": {
            "value": 0.1350361853837967,
            "min": 0.1350361853837967,
            "max": 0.18228714168071747,
            "count": 6
        },
        "MyBehavior.Policy.Beta.mean": {
            "value": 0.001758304424583912,
            "min": 0.001758304424583912,
            "max": 0.0041161272674798965,
            "count": 6
        },
        "MyBehavior.IsTraining.mean": {
            "value": 1.0,
            "min": 1.0,
            "max": 1.0,
            "count": 6
        }
    },
    "metadata": {
        "timer_format_version": "0.1.0",
        "start_time_seconds": "1606135138",
        "python_version": "3.8.3 (default, Jul  2 2020, 17:30:36) [MSC v.1916 64 bit (AMD64)]",
        "command_line_arguments": "C:\\Users\\Matthias\\anaconda3\\envs\\ml-agents\\Scripts\\mlagents-learn Jumper.yml --run-id Jumper-02 --resume",
        "mlagents_version": "0.21.1",
        "mlagents_envs_version": "0.21.1",
        "communication_protocol_version": "1.2.0",
        "tensorflow_version": "2.3.1",
        "numpy_version": "1.18.5",
        "end_time_seconds": "1606135641"
    },
    "total": 503.23927360000005,
    "count": 1,
    "self": 0.004353600000001734,
    "children": {
        "run_training.setup": {
            "total": 0.010576499999999989,
            "count": 1,
            "self": 0.010576499999999989
        },
        "TrainerController.start_learning": {
            "total": 503.22434350000003,
            "count": 1,
            "self": 1.1776468000005593,
            "children": {
                "TrainerController._reset_env": {
                    "total": 6.9454534,
                    "count": 1,
                    "self": 6.9454534
                },
                "TrainerController.advance": {
                    "total": 493.1882469999994,
                    "count": 58129,
                    "self": 0.5917509999991921,
                    "children": {
                        "env_step": {
                            "total": 492.59649600000023,
                            "count": 58129,
                            "self": 455.8495150000078,
                            "children": {
                                "SubprocessEnvManager._take_step": {
                                    "total": 36.09896180000048,
                                    "count": 58129,
                                    "self": 1.168763700006977,
                                    "children": {
                                        "TFPolicy.evaluate": {
                                            "total": 34.930198099993504,
                                            "count": 57541,
                                            "self": 34.930198099993504
                                        }
                                    }
                                },
                                "workers": {
                                    "total": 0.6480191999919729,
                                    "count": 58128,
                                    "self": 0.0,
                                    "children": {
                                        "worker_root": {
                                            "total": 494.26786020000105,
                                            "count": 58128,
                                            "is_parallel": true,
                                            "self": 91.9615911999984,
                                            "children": {
                                                "steps_from_proto": {
                                                    "total": 0.0003438000000004493,
                                                    "count": 1,
                                                    "is_parallel": true,
                                                    "self": 0.00014350000000007412,
                                                    "children": {
                                                        "_process_vector_observation": {
                                                            "total": 0.00020030000000037518,
                                                            "count": 4,
                                                            "is_parallel": true,
                                                            "self": 0.00020030000000037518
                                                        }
                                                    }
                                                },
                                                "UnityEnvironment.step": {
                                                    "total": 402.30592520000266,
                                                    "count": 58128,
                                                    "is_parallel": true,
                                                    "self": 3.416476399998544,
                                                    "children": {
                                                        "UnityEnvironment._generate_step_input": {
                                                            "total": 9.826002800003973,
                                                            "count": 58128,
                                                            "is_parallel": true,
                                                            "self": 9.826002800003973
                                                        },
                                                        "communicator.exchange": {
                                                            "total": 372.96499390000264,
                                                            "count": 58128,
                                                            "is_parallel": true,
                                                            "self": 372.96499390000264
                                                        },
                                                        "steps_from_proto": {
                                                            "total": 16.09845209999755,
                                                            "count": 58128,
                                                            "is_parallel": true,