{
    "name": "root",
    "gauges": {
        "MyBehavior.Policy.Entropy.mean": {
            "value": 0.050695717334747314,
            "min": 0.050538625568151474,
            "max": 0.6269693374633789,
            "count": 10
        },
        "MyBehavior.Policy.ExtrinsicValueEstimate.mean": {
            "value": -2.051281213760376,
            "min": -2.297961711883545,
            "max": -1.1682919263839722,
            "count": 10
        },
        "MyBehavior.Environment.EpisodeLength.mean": {
            "value": 180.86379928315412,
            "min": 170.7887323943662,
            "max": 243.81909547738692,
            "count": 10
        },
        "MyBehavior.Environment.CumulativeReward.mean": {
            "value": -5.0369176370055015,
            "min": -14.292965030325718,
            "max": -5.0369176370055015,
            "count": 10
        },
        "MyBehavior.Policy.ExtrinsicReward.mean": {
            "value": -5.0369176370055015,
            "min": -14.292965030325718,
            "max": -5.0369176370055015,
            "count": 10
        },
        "MyBehavior.Losses.ValueLoss.mean": {
            "value": 0.19774331152439117,
            "min": 0.19774331152439117,
            "max": 0.6855552792549133,
            "count": 10
        },
        "MyBehavior.Losses.PolicyLoss.mean": {
            "value": 0.022353019565343857,
            "min": 0.022353019565343857,
            "max": 0.026046549901366234,
            "count": 10
        },
        "MyBehavior.Policy.LearningRate.mean": {
            "value": 1.6361494999728166e-05,
            "min": 1.6361494999728166e-05,
            "max": 0.0002845965209417045,
            "count": 10
        },
        "MyBehavior.Policy.Epsilon.mean": {
            "value": 0.10545380413532257,
            "min": 0.10545380413532257,
            "max": 0.19486552476882935,
            "count": 10
        },
        "MyBehavior.Policy.Beta.mean": {
            "value": 0.00028214461053721607,
            "min": 0.00028214461053721607,
            "max": 0.0047437883913517,
            "count": 10
        },
        "MyBehavior.IsTraining.mean": {
            "value": 1.0,
            "min": 1.0,
            "max": 1.0,
            "count": 10
        }
    },
    "metadata": {
        "timer_format_version": "0.1.0",
        "start_time_seconds": "1606142918",
        "python_version": "3.8.3 (default, Jul  2 2020, 17:30:36) [MSC v.1916 64 bit (AMD64)]",
        "command_line_arguments": "C:\\tools\\Anaconda3\\Scripts\\mlagents-learn Jumper.yml --run-id Jumper-02",
        "mlagents_version": "0.21.0",
        "mlagents_envs_version": "0.21.0",
        "communication_protocol_version": "1.2.0",
        "tensorflow_version": "2.3.1",
        "numpy_version": "1.18.5",
        "end_time_seconds": "1606143768"
    },
    "total": 850.6948458,
    "count": 1,
    "self": 0.2623760999999831,
    "children": {
        "run_training.setup": {
            "total": 0.007703400000000027,
            "count": 1,
            "self": 0.007703400000000027
        },
        "TrainerController.start_learning": {
            "total": 850.4247663000001,
            "count": 1,
            "self": 0.6461215000036873,
            "children": {
                "TrainerController._reset_env": {
                    "total": 9.4923444,
                    "count": 1,
                    "self": 9.4923444
                },
                "TrainerController.advance": {
                    "total": 838.4088345999966,
                    "count": 26412,
                    "self": 0.3042337000003954,
                    "children": {
                        "env_step": {
                            "total": 838.1046008999962,
                            "count": 26412,
                            "self": 792.6714693000088,
                            "children": {
                                "SubprocessEnvManager._take_step": {
                                    "total": 45.08249609999731,
                                    "count": 26412,
                                    "self": 0.7971088000076278,
                                    "children": {
                                        "TFPolicy.evaluate": {
                                            "total": 44.28538729998968,
                                            "count": 25048,
                                            "self": 44.28538729998968
                                        }
                                    }
                                },
                                "workers": {
                                    "total": 0.3506354999900658,
                                    "count": 26412,
                                    "self": 0.0,
                                    "children": {
                                        "worker_root": {
                                            "total": 839.9611847000068,
                                            "count": 26412,
                                            "is_parallel": true,
                                            "self": 97.9266128999999,
                                            "children": {
                                                "steps_from_proto": {
                                                    "total": 0.0008791000000005766,
                                                    "count": 1,
                                                    "is_parallel": true,
                                                    "self": 0.00023479999999853618,
                                                    "children": {
                                                        "_process_vector_observation": {
                                                            "total": 0.0006443000000020405,
                                                            "count": 6,
                                                            "is_parallel": true,
                                                            "self": 0.0006443000000020405
                                                        }
                                                    }
                                                },
                                                "UnityEnvironment.step": {
                                                    "total": 742.0336927000069,
                                                    "count": 26412,
                                                    "is_parallel": true,
                                                    "self": 2.6539763000023413,
                                                    "children": {
                                                        "UnityEnvironment._generate_step_input": {
                                                            "total": 14.008048199996345,
                                                            "count": 26412,
                                                            "is_parallel": true,
                                                            "self": 14.008048199996345
                                                        },
                                                        "communicator.exchange": {
                                                            "total": 705.4455165000049,
                                                            "count": 26412,
                                                            "is_parallel": true,
                                                            "self": 705.4455165000049
                                                        },
                                                        "steps_from_proto": {
                                                            "total": 19.92615170000329,
                                                            "count": 26412,
                                                            "is_parallel": true,