{"count":1,"self":3892.0454144,"total":45480.884867199995,"children":{"AgentSendState":{"count":1676617,"self":219.0039808,"total":6515.6488909,"children":{"CollectObservations":{"count":5365184,"self":30.663884799999998,"total":30.6638859,"children":null},"CollectDiscreteActionMasks":{"count":5365184,"self":28.365990399999998,"total":28.3659914,"children":null},"AgentInfo.ToProto":{"count":5365184,"self":103.826752,"total":6237.6150308999995,"children":{"GenerateSensorData":{"count":5365184,"self":5492.4505088,"total":6133.7882790999993,"children":{"RayPerceptionSensor.Perceive":{"count":10730368,"self":641.337856,"total":641.337856,"children":null}}}}}}},"DecideAction":{"count":1676617,"self":35046.5097728,"total":35046.511338899996,"children":null},"AgentAct":{"count":1676617,"self":15.8242944,"total":15.8242943,"children":null},"AgentInfo.ToProto":{"count":7724,"self":0.2268038,"total":10.8541024,"children":{"GenerateSensorData":{"count":7724,"self":9.6279376,"total":10.6272986,"children":{"RayPerceptionSensor.Perceive":{"count":15448,"self":0.99936099999999994,"total":0.99936099999999994,"children":null}}}}}},"gauges":{"Jumper.CumulativeReward":{"count":7724,"max":23.69997,"min":-8.199995,"runningAverage":-0.845141,"value":-2.30000019,"weightedAverage":0.9292827}},"metadata":{"timer_format_version":"0.1.0","start_time_seconds":"1606516336","unity_version":"2020.1.6f1","command_line_arguments":"C:\\Program Files\\Unity\\Hub\\Editor\\2020.1.6f1\\Editor\\Unity.exe -projectpath D:\/Libaries\/MEGASync\/School\/Workspace\/Unity\/Jumper -useHub -hubIPC -cloudEnvironment production -hubSessionId 58195e80-30ba-11eb-bff8-4f48b759b888 -accessToken xtnFgH7SIF7fTy4v4BfcT5BqjXLhUovlGvNOoJiYVf8012f","communication_protocol_version":"1.0.0","com.unity.ml-agents_version":"1.0.6","scene_name":"BasicScene","end_time_seconds":"1606561817"}}