{"count":1,"self":22.585504,"total":26.5183628,"children":{"AgentSendState":{"count":1013,"self":3.3717227999999997,"total":3.8853191999999996,"children":{"CollectObservations":{"count":3248,"self":0.038144,"total":0.038144,"children":null},"CollectDiscreteActionMasks":{"count":3248,"self":0.022000199999999998,"total":0.022000199999999998,"children":null},"RayPerceptionSensor.Perceive":{"count":6496,"self":0.45345209999999997,"total":0.45345209999999997,"children":null}}},"DecideAction":{"count":1013,"self":0.026744999999999998,"total":0.026744999999999998,"children":null},"AgentAct":{"count":1013,"self":0.015839,"total":0.015839,"children":null},"RayPerceptionSensor.Perceive":{"count":24,"self":0.00096519999999999993,"total":0.00096519999999999993,"children":null}},"gauges":{"Jumper.CumulativeReward":{"count":12,"max":-5.19999933,"min":-5.999999,"runningAverage":-5.69166565,"value":-5.699999,"weightedAverage":-5.636071}},"metadata":{"timer_format_version":"0.1.0","start_time_seconds":"1606515708","unity_version":"2020.1.6f1","command_line_arguments":"C:\\Program Files\\Unity\\Hub\\Editor\\2020.1.6f1\\Editor\\Unity.exe -projectpath D:\/Libaries\/MEGASync\/School\/Workspace\/Unity\/Jumper -useHub -hubIPC -cloudEnvironment production -hubSessionId 58195e80-30ba-11eb-bff8-4f48b759b888 -accessToken xtnFgH7SIF7fTy4v4BfcT5BqjXLhUovlGvNOoJiYVf8012f","communication_protocol_version":"1.0.0","com.unity.ml-agents_version":"1.0.6","scene_name":"BasicScene","end_time_seconds":"1606515734"}}