{
    "name": "root",
    "metadata": {
        "timer_format_version": "0.1.0",
        "start_time_seconds": "1606137392",
        "python_version": "3.8.3 (default, Jul  2 2020, 17:30:36) [MSC v.1916 64 bit (AMD64)]",
        "command_line_arguments": "C:\\Users\\Matthias\\anaconda3\\envs\\ml-agents\\Scripts\\mlagents-learn Jumper.yml --run-id Jumper-03 --resume",
        "mlagents_version": "0.21.1",
        "mlagents_envs_version": "0.21.1",
        "communication_protocol_version": "1.2.0",
        "tensorflow_version": "2.3.1",
        "numpy_version": "1.18.5",
        "end_time_seconds": "1606137401"
    },
    "total": 9.2340706,
    "count": 1,
    "self": 0.2310496000000022,
    "children": {
        "run_training.setup": {
            "total": 0.010271300000000094,
            "count": 1,
            "self": 0.010271300000000094
        },
        "TrainerController.start_learning": {
            "total": 8.9927497,
            "count": 1,
            "self": 0.0016295999999993427,
            "children": {
                "TrainerController._reset_env": {
                    "total": 6.898957299999999,
                    "count": 1,
                    "self": 6.898957299999999
                },
                "trainer_threads": {
                    "total": 1.0599999999527654e-05,
                    "count": 1,
                    "self": 1.0599999999527654e-05,
                    "children": {
                        "thread_root": {
                            "total": 0.0,
                            "count": 0,
                            "is_parallel": true,
                            "self": 0.0,
                            "children": {
                                "trainer_advance": {
                                    "total": 0.0014358000000012083,
                                    "count": 1,
                                    "is_parallel": true,
                                    "self": 3.4500000001713715e-05,
                                    "children": {
                                        "process_trajectory": {
                                            "total": 0.0014012999999994946,
                                            "count": 1,
                                            "is_parallel": true,
                                            "self": 0.0014012999999994946
                                        }
                                    }
                                }
                            }
                        }
                    }
                },
                "TrainerController._save_models": {
                    "total": 2.092152200000001,
                    "count": 1,
                    "self": 0.00031310000000139837,
                    "children": {
                        "RLTrainer._checkpoint": {
                            "total": 2.0918390999999996,
                            "count": 1,
                            "self": 2.0918390999999996
                        }
                    }
                }
            }
        }
    }
}